GeneID	Index	WT	R58C	delta	delta_flag
AT5G24770	1	12.09098734036975	4.6566128301677825	-7.434374510201968	loss
AT5G24780	6	4.611505879086889	0.05772360307319622	-4.553782276013693	loss
AT5G15970	699	-6.912997730810346	-11.277960024864038	-4.364962294053692	loss
AT2G33380	696	-6.034651132749059	-9.89056194016652	-3.8559108074174615	loss
AT4G08870	7	4.00612904126182	0.5712277238775859	-3.4349013173842344	loss
AT4G23600	15	2.0264759637863823	-1.2442453761437595	-3.270721339930142	loss
AT3G45140	8	3.4219039077054405	0.35844494737689575	-3.063458960328545	loss
AT5G03210	11	2.580603542321629	-0.3265864879723589	-2.9071900302939877	loss
AT2G29450	688	-2.8757012316434087	-5.6070553238953265	-2.7313540922519177	loss
AT1G52690	5	4.6319433397041365	1.9417771851018053	-2.690166154602331	loss
AT1G52400	4	5.136269580687002	2.740785333642247	-2.395484247044755	loss
AT1G20450	78	0.39363023073009	-1.7263501369177063	-2.119980367647796	loss
AT5G66400	3	5.449230185589891	3.453843073019398	-1.995387112570493	loss
AT3G28220	9	2.665533927269271	0.897963832993185	-1.767570094276086	loss
AT5G42650	591	-0.1918642943264586	-1.7897966258545634	-1.5979323315281049	loss
AT4G00430	689	-2.889694785568419	-4.35150603946422	-1.4618112538958008	loss
AT1G19670	16	1.6358204990600589	0.21031607013479037	-1.4255044289252683	loss
AT2G43530	12	2.1809328522002565	0.7692378119265291	-1.4116950402737274	loss
AT1G19570	570	-0.14284800679234977	-1.4604486437971842	-1.3176006370048343	loss
AT1G49500	19	1.3789992195033605	0.07553900355888997	-1.3034602159444706	loss
AT3G16470	13	2.1313554890241795	0.8818089623635881	-1.2495465266605914	loss
AT1G56580	684	-1.856343968630992	-3.062306984516455	-1.2059630158854635	loss
AT2G39800	21	1.3286056941903897	0.19205281508196023	-1.1365528791084294	loss
AT1G62510	31	0.8589681704486072	-0.2556148292001045	-1.1145829996487118	loss
AT4G18440	22	1.2820135293357018	0.20518032049531915	-1.0768332088403827	loss
AT4G15210	32	0.8283696029278631	-0.1631938354411553	-0.9915634383690184	loss
AT1G58270	39	0.6940517922367343	-0.211464333125778	-0.9055161253625124	loss
AT2G32150	542	-0.09404546390286526	-0.9844835937373778	-0.8904381298345125	loss
AT2G39030	17	1.622747286261608	0.7410620156647583	-0.8816852705968499	loss
AT1G52000	18	1.4499917295349087	0.5918932122681299	-0.8580985172667789	loss
AT4G30530	63	0.44669412383402934	-0.3978862113920787	-0.8445803352261081	loss
AT4G30460	25	1.1557941412369526	0.3717018880208048	-0.7840922532161477	loss
AT2G39330	14	2.1248763265275272	1.3427560357311208	-0.7821202907964064	loss
AT4G01850	176	0.18336251149110205	-0.49562143814897286	-0.6789839496400749	loss
AT1G20440	692	-3.667668903522334	-4.306298285122598	-0.6386293816002637	loss
AT3G25760	685	-1.9594565307712588	-2.59027116096433	-0.630814630193071	loss
AT3G25770	697	-6.403077136823474	-6.990587621277132	-0.5875104844536576	loss
AT5G20900	641	-0.4612769413398964	-1.039847707769077	-0.5785707664291809	loss
AT1G70700	30	0.8822308656757752	0.3148860891818542	-0.567344776493921	loss
AT1G08200	43	0.5929828268877765	0.03536684959862296	-0.5576159772891536	loss
AT2G34810	81	0.3722879417719059	-0.17135965497091152	-0.5436475967428174	loss
AT1G52410	27	1.0041429190846856	0.4738576225105372	-0.5302852965741484	loss
AT4G11570	522	-0.05832805320949284	-0.583527175383744	-0.5251991221742511	loss
AT2G37180	682	-1.650725482888733	-2.1599010808335577	-0.5091755979448247	loss
AT2G43550	66	0.43634376801793706	-0.06647231359274026	-0.5028160816106774	loss
AT4G39980	38	0.7562619919134776	0.2579099262421759	-0.49835206567130175	loss
AT2G25450	642	-0.5133287364793562	-0.996847424309528	-0.4835186878301718	loss
AT3G12580	41	0.6065063387936412	0.14161833538411053	-0.46488800340953074	loss
AT2G41430	690	-3.0465584992194334	-3.4649858983775172	-0.4184273991580838	loss
AT3G02480	551	-0.1139170376119316	-0.5301838690419175	-0.4162668314299859	loss
AT2G47180	373	0.06850272618877529	-0.3207305269579947	-0.38923325314677	loss
AT5G59730	279	0.11779794143193334	-0.2658003145413397	-0.383598255973273	loss
AT2G20340	33	0.8245320577354396	0.4422666048259917	-0.38226545290944786	loss
AT1G52040	23	1.245578976502291	0.8673586195822065	-0.3782203569200848	loss
AT3G26290	35	0.7873671843139086	0.409527200836225	-0.3778399834776836	loss
AT3G51660	112	0.28674396916135364	-0.08770860712181137	-0.37445257628316503	loss
AT2G38750	55	0.4902320866529193	0.12498776385911636	-0.3652443227938029	loss
AT5G52300	20	1.3442069326109376	0.988859001303594	-0.35534793130734355	loss
AT2G22430	88	0.3420302831581977	0.00564887670276781	-0.3363814064554299	loss
AT1G54100	56	0.47926773819685253	0.14624459330332734	-0.3330231448935252	loss
AT4G17470	58	0.46550704961783057	0.13825901546233313	-0.3272480341554974	loss
AT2G42760	82	0.37167288744796234	0.04644160996977364	-0.3252312774781887	loss
AT5G24420	71	0.41334811756548206	0.09031843155364969	-0.3230296860118324	loss
AT5G63160	100	0.30146528814800494	-0.01180932036860331	-0.31327460851660827	loss
AT1G78680	266	0.12501025962610465	-0.18664520766335368	-0.31165546728945837	loss
AT3G29575	634	-0.3983802356112738	-0.7069448069381183	-0.30856457132684456	loss
AT2G23120	639	-0.4431814734054571	-0.7501470936172094	-0.30696562021175233	loss
AT1G61890	74	0.4062465042731216	0.10367851224019568	-0.3025679920329259	loss
AT5G10695	539	-0.09295532556848526	-0.3939856872055452	-0.30103036163706	loss
AT1G62660	192	0.17000677059953082	-0.12805624459931145	-0.29806301519884226	loss
AT4G27560	77	0.3937594677588937	0.09810102989177182	-0.29565843786712187	loss
AT3G17800	657	-0.7103566969987208	-0.9921083019097238	-0.28175160491100293	loss
AT1G52890	566	-0.13543045260335268	-0.4166968619711429	-0.28126640936779024	loss
AT5G56760	76	0.3957572682833724	0.12412202988923186	-0.27163523839414055	loss
AT4G27520	670	-1.1511897178709287	-1.4215047915786725	-0.27031507370774355	loss
AT3G57520	349	0.08287687796148374	-0.18645979215745528	-0.269336670118939	loss
AT4G21910	36	0.7693844418369394	0.5033708382557891	-0.26601360358115034	loss
AT4G03420	303	0.10759629631069909	-0.15811348700544628	-0.26570978331614536	loss
AT2G15970	605	-0.260111456669049	-0.5248738042124756	-0.26476234754342665	loss
AT5G67300	73	0.4085375081465302	0.1491726103845449	-0.25936489776198535	loss
AT3G05880	601	-0.23362382384848895	-0.490855537948185	-0.25723171409969603	loss
AT3G03341	638	-0.42103291688297256	-0.6769840535528853	-0.2559511366699127	loss
AT1G47960	40	0.6930808146935993	0.4463718568235131	-0.24670895787008612	loss
AT2G15960	656	-0.7006516120521564	-0.9423931298976012	-0.24174151784544473	loss
AT4G11320	59	0.463549608801193	0.22186613217625503	-0.24168347662493792	loss
AT5G65110	129	0.24603591164514485	0.00836467562776763	-0.2376712360173772	loss
AT1G52030	96	0.30793857073634184	0.07603350023892884	-0.231905070497413	loss
AT1G64200	197	0.16874885993990796	-0.0630869429797408	-0.23183580291964875	loss
AT3G05640	633	-0.3843467250632523	-0.612248290484877	-0.22790156542162465	loss
AT3G12145	155	0.2025053888400936	-0.02321757763150174	-0.22572296647159537	loss
AT1G32640	52	0.4935528126928781	0.2690257478130323	-0.2245270648798458	loss
AT1G44350	72	0.412370733239621	0.18884558711458613	-0.22352514612503485	loss
AT5G15500	29	0.8909923971771115	0.6682530201606798	-0.22273937701643176	loss
AT1G63010	110	0.2884396882069766	0.07348251788038955	-0.214957170326587	loss
AT1G69260	90	0.33609758583315485	0.12213331503073813	-0.21396427080241673	loss
AT5G06760	26	1.1430423789946458	0.9292928878981012	-0.2137494910965445	loss
AT5G18130	93	0.3188418053593486	0.10589887862864264	-0.21294292673070592	loss
AT1G62333	132	0.24402398816866797	0.03429765181067244	-0.2097263363579955	loss
AT1G73390	617	-0.2921851958789483	-0.4967927862745155	-0.2046075903955672	loss
AT4G30470	114	0.2751931682080063	0.07065837605036264	-0.2045347921576437	loss
AT1G49450	573	-0.1477052180164008	-0.35160277910155147	-0.20389756108515067	loss
AT5G06870	647	-0.5432871966906604	-0.7444985789817314	-0.20121138229107105	loss
AT3G50970	46	0.5674355481094586	0.37194036195059366	-0.19549518615886496	loss
AT1G66760	580	-0.1579160470632556	-0.3522060702606138	-0.1942900231973582	loss
AT5G60790	153	0.20578402888195543	0.01378169058683928	-0.19200233829511615	loss
AT1G51140	61	0.44962718586303346	0.2580981524147468	-0.19152903344828665	loss
AT4G16760	654	-0.6220574562403575	-0.8116119542072182	-0.18955449796686075	loss
AT1G06640	424	0.03840941267412377	-0.14449122643568676	-0.18290063910981053	loss
AT1G53580	418	0.04240364621843932	-0.13765549892095086	-0.18005914513939017	loss
AT1G72770	50	0.5018496309428974	0.3222793413986421	-0.17957028954425525	loss
AT1G14250	47	0.5605549938112783	0.3817675269591124	-0.17878746685216584	loss
AT5G01520	109	0.29035852246905774	0.11247391813872729	-0.17788460433033046	loss
AT2G41190	24	1.2347588075887233	1.0572127273912786	-0.17754608019744467	loss
AT1G54130	211	0.1595183779768952	-0.01524592222700456	-0.17476430020389974	loss
AT3G52800	525	-0.06408302912311373	-0.23766164334038176	-0.17357861421726803	loss
AT1G62540	116	0.27075114091280994	0.098850709419812	-0.17190043149299794	loss
AT1G51760	651	-0.5957776786021287	-0.7655648569444067	-0.16978717834227797	loss
AT1G02816	383	0.06284843375832017	-0.10538959213168284	-0.168238025890003	loss
AT4G34230	518	-0.05636733072686148	-0.2242910981982209	-0.16792376747135945	loss
AT5G05600	659	-0.7658198861014411	-0.9335595697190828	-0.1677396836176418	loss
AT2G27830	287	0.1137506202511714	-0.05002346514894956	-0.16377408540012095	loss
AT4G37260	253	0.13327486148218956	-0.02648708810584909	-0.15976194958803866	loss
AT4G28300	589	-0.18317204150619376	-0.3413370392255084	-0.15816499771931464	loss
AT4G18280	275	0.12010745839488268	-0.02849034260836356	-0.14859780100324624	loss
AT4G24380	558	-0.12515388441471512	-0.27330020614098327	-0.14814632172626815	loss
AT1G16850	99	0.301607214120094	0.1548927924258714	-0.1467144216942226	loss
AT4G15440	214	0.15559728556777	0.0131939177375565	-0.14240336783021348	loss
AT4G21570	661	-0.8088152846431189	-0.9509398950845136	-0.14212461044139468	loss
AT4G24510	207	0.1625820841364753	0.02094213893881185	-0.14163994519766343	loss
AT2G38760	137	0.234304026029005	0.09301033894455683	-0.14129368708444817	loss
AT5G14700	152	0.2063299329888223	0.06527821946149547	-0.14105171352732682	loss
AT1G21550	144	0.2197877505623431	0.08427431069436447	-0.13551343986797862	loss
AT1G19640	185	0.17620339323056258	0.04083464980247131	-0.13536874342809127	loss
AT4G18140	162	0.1939526443012614	0.06007317291940316	-0.13387947138185824	loss
AT3G03470	182	0.17941570245183472	0.0461941689043077	-0.13322153354752703	loss
AT3G21230	161	0.19396135832246195	0.06184496763711086	-0.13211639068535108	loss
AT5G13200	172	0.18743228108431603	0.05614504087120909	-0.13128724021310695	loss
AT2G39980	213	0.15733683457251832	0.02681917681049847	-0.13051765776201985	loss
AT5G45280	143	0.22108146724775	0.09131241908168226	-0.1297690481660677	loss
AT4G26080	49	0.5202090291276722	0.3907997852888713	-0.12940924383880087	loss
AT4G39140	141	0.22702140617532393	0.09837669235261592	-0.128644713822708	loss
AT4G11220	299	0.10870334999568718	-0.01773305660307095	-0.12643640659875813	loss
AT5G48880	44	0.5763883887417732	0.450542205572657	-0.12584618316911622	loss
AT4G15248	306	0.10665012150073802	-0.01864505497302394	-0.12529517647376198	loss
AT3G10985	629	-0.3321003746330789	-0.4563632661929578	-0.12426289155987892	loss
AT1G73480	64	0.4391094016141761	0.3157489063931272	-0.12336049522104892	loss
AT2G18700	614	-0.2749098217463004	-0.3977157867707581	-0.12280596502445768	loss
AT1G62570	235	0.1414502097782079	0.01998386991880642	-0.12146633985940147	loss
AT1G30320	305	0.1069680015764938	-0.0129646189141136	-0.1199326204906074	loss
AT3G17790	84	0.36749944135008095	0.24874860899513043	-0.11875083235495051	loss
AT2G39020	104	0.296796670385074	0.17816007382435625	-0.11863659656071776	loss
AT2G28305	376	0.0665083169713763	-0.05161529665324714	-0.11812361362462344	loss
AT1G09970	417	0.04287563678577886	-0.07344725674392388	-0.11632289352970274	loss
AT5G13190	635	-0.4009334639324631	-0.5171710428044151	-0.11623757887195196	loss
AT1G52720	662	-0.865623806833927	-0.9815985673935058	-0.11597476055957878	loss
AT4G03400	135	0.23759244318326575	0.12303567275589564	-0.11455677042737011	loss
AT3G17860	164	0.1937282746230479	0.0817706035826911	-0.1119576710403568	loss
AT4G15260	281	0.11709511898842788	0.00863253308355161	-0.10846258590487629	loss
AT5G47240	232	0.14305195004143648	0.0347337936215719	-0.10831815641986456	loss
AT1G04220	262	0.12657824003756069	0.0185942113280087	-0.10798402870955198	loss
AT1G56600	618	-0.29230100555663385	-0.39989024495514414	-0.10758923939851028	loss
AT1G21670	296	0.11109979649810678	0.00487546777270794	-0.10622432872539884	loss
AT3G16400	108	0.29057693715677807	0.1852084550524019	-0.10536848210437616	loss
AT2G01450	445	0.02069270639027094	-0.08432929830274509	-0.10502200469301604	loss
AT4G27410	388	0.06063865517612121	-0.04348844691992055	-0.10412710209604176	loss
AT3G51450	311	0.10532264046632728	0.0029172088511277	-0.10240543161519958	loss
AT2G38790	260	0.12724481324878342	0.0252360223710821	-0.10200879087770132	loss
AT2G43020	534	-0.0755405507101034	-0.17748475765657	-0.10194420694646658	loss
AT1G03080	420	0.04096738421313477	-0.06072606581927348	-0.10169345003240826	loss
AT5G48655	461	0.01159338391136955	-0.08913057811437637	-0.10072396202574592	loss
AT3G14050	453	0.01488929132538311	-0.08424326955945824	-0.09913256088484136	loss
AT5G22270	150	0.20760494551196929	0.1087015636069491	-0.09890338190502018	loss
AT4G13110	353	0.08095980203468563	-0.01743352484863822	-0.09839332688332383	loss
AT1G71100	160	0.19433943698477393	0.09608991741146825	-0.0982495195733057	loss
AT1G10090	198	0.16835635357986994	0.07059268452111052	-0.09776366905875944	loss
AT3G04630	419	0.04148104752404281	-0.05593623827664767	-0.09741728580069048	loss
AT3G04910	254	0.1322563655100533	0.03544201003486015	-0.09681435547519314	loss
AT2G39420	548	-0.10481347061096172	-0.20122394767913368	-0.09641047706817196	loss
AT5G23660	75	0.4013130479955104	0.3049995869971203	-0.09631346099839012	loss
AT5G12010	184	0.17629094532058937	0.07998655057717409	-0.09630439474341528	loss
AT3G07090	586	-0.1770414399496279	-0.27261184555454676	-0.09557040560491886	loss
AT3G46450	402	0.05564273810920265	-0.03759744355738698	-0.09324018166658962	loss
AT5G49280	91	0.32407737276113213	0.23234644975884047	-0.09173092300229166	loss
AT2G22330	102	0.29866424305663475	0.2070274028666308	-0.09163684019000395	loss
AT4G34710	68	0.4217646448418283	0.3320285046236579	-0.08973614021817045	loss
AT4G15910	51	0.5008509795757274	0.4115025705745902	-0.08934840900113722	loss
AT4G08170	249	0.13495940027676703	0.04591348621844318	-0.08904591405832385	loss
AT4G12000	528	-0.06831251117582508	-0.1563704386299512	-0.08805792745412612	loss
AT3G11690	282	0.11526710629354989	0.0272856017846235	-0.08798150450892638	loss
AT4G39950	119	0.26454537923636806	0.17980009517742726	-0.0847452840589408	loss
AT5G57900	317	0.10134011445112114	0.01705113183945613	-0.08428898261166501	loss
AT2G17840	604	-0.2542964229857138	-0.3385391913986442	-0.08424276841293038	loss
AT5G50360	147	0.21213309724817567	0.12899576176965163	-0.08313733547852403	loss
AT3G51990	179	0.18081853082238775	0.09776575877085948	-0.08305277205152829	loss
AT3G52240	238	0.13925562317803336	0.05705762442686703	-0.08219799875116632	loss
AT1G77000	378	0.06592753453462988	-0.01424864193966226	-0.08017617647429214	loss
AT3G46670	352	0.08101705495391805	0.00155609361760407	-0.07946096133631397	loss
AT5G57560	156	0.19887370082599787	0.12017535053926844	-0.07869835028672942	loss
AT5G54300	326	0.09464588871826717	0.01602838518383938	-0.07861750353442779	loss
AT2G47600	175	0.1843238756771341	0.10593059412768992	-0.07839328154944418	loss
AT1G74430	393	0.05810653209079197	-0.01933468369406	-0.07744121578485197	loss
AT4G22820	113	0.2797902487482091	0.20319233781702287	-0.07659791093118626	loss
AT1G73920	640	-0.4484591567871869	-0.5248068138991563	-0.07634765711196939	loss
AT1G60270	364	0.07366781083782795	-0.00251517511712889	-0.07618298595495683	loss
AT1G10760	212	0.15804635785345647	0.08266781480853817	-0.0753785430449183	loss
AT5G23820	103	0.29812520739114134	0.22282242086823795	-0.0753027865229034	loss
AT4G36900	429	0.03686337251092838	-0.03815264774720936	-0.07501602025813775	loss
AT2G03760	517	-0.05515539925291599	-0.12953265781613962	-0.07437725856322364	loss
AT1G74950	616	-0.2854527543717126	-0.3593648334773062	-0.07391207910559361	loss
AT5G52640	319	0.09927178358835964	0.02579006774671928	-0.07348171584164034	loss
AT5G43180	255	0.13205494635499906	0.05859350228938583	-0.07346144406561322	loss
AT3G27270	227	0.1464183630521283	0.07468272455022722	-0.07173563850190108	loss
AT4G35630	158	0.19581659228760245	0.12435285571521518	-0.07146373657238728	loss
AT3G11420	267	0.1244789340577801	0.05306519762295066	-0.07141373643482944	loss
AT5G13800	332	0.09094509825368696	0.01970543864871224	-0.07123965960497472	loss
AT2G34070	342	0.08822382341756642	0.01715309117286409	-0.07107073224470233	loss
AT1G08920	127	0.2503821241860592	0.17993284365758702	-0.07044928052847219	loss
AT5G63370	250	0.1346983717943891	0.06497813283275275	-0.06972023896163632	loss
AT5G09620	107	0.2907334232856884	0.2230186504454036	-0.06771477284028479	loss
AT5G59920	205	0.1634197299014576	0.09687879924052478	-0.0665409306609328	loss
AT3G49590	407	0.05403384635769245	-0.01207443899436279	-0.06610828535205525	loss
AT5G65630	398	0.05620587954637102	-0.00943799019475089	-0.06564386974112191	loss
AT5G50335	313	0.10341080007284968	0.03804353787461272	-0.06536726219823696	loss
AT3G02150	178	0.18126910963006096	0.11647021365806588	-0.06479889597199508	loss
AT1G21790	397	0.05631489195584267	-0.00846358342734855	-0.06477847538319123	loss
AT3G55640	229	0.14613887371402276	0.08142196804768065	-0.06471690566634211	loss
AT4G31780	598	-0.2194586828821551	-0.28381127125636024	-0.06435258837420516	loss
AT4G33150	83	0.36907610312863987	0.3048513396659217	-0.06422476346271816	loss
AT4G23050	365	0.07364777009153968	0.00967876736215122	-0.06396900272938845	loss
AT5G57035	331	0.09106053209140026	0.02736841932286045	-0.06369211276853981	loss
AT3G59050	537	-0.07962656548793971	-0.14276347531009456	-0.06313690982215485	loss
AT1G24145	582	-0.16518591363321067	-0.2275732007863099	-0.06238728715309927	loss
AT3G55500	148	0.20953324133064655	0.14737619356738868	-0.06215704776325789	loss
AT1G50640	359	0.07730210224069471	0.01517073843533958	-0.06213136380535512	loss
AT2G32990	166	0.19312842671403668	0.1309997473287689	-0.06212867938526778	loss
AT5G09440	441	0.02632426034908356	-0.0352670373621301	-0.06159129771121366	loss
AT1G64810	167	0.1905348803537713	0.12902356977943671	-0.06151131057433459	loss
AT4G06744	199	0.16799162413589816	0.10663234989557598	-0.06135927424032218	loss
AT1G73325	126	0.2530936005822677	0.19183638751461307	-0.06125721306765464	loss
AT4G27870	208	0.16143672794433211	0.1006506008663565	-0.06078612707797562	loss
AT3G47960	57	0.4773276436247194	0.41661816547772207	-0.06070947814699734	loss
AT2G23340	543	-0.09551961038479194	-0.15579791000917004	-0.0602782996243781	loss
AT1G53320	406	0.05412182889134377	-0.00586282086629904	-0.05998464975764282	loss
AT5G17760	276	0.11994043103978556	0.0601205650801177	-0.05981986595966786	loss
AT1G53560	593	-0.19439592899708372	-0.25394915980527544	-0.05955323080819172	loss
AT3G53620	446	0.02035483542333739	-0.0372462050177454	-0.05760104044108279	loss
AT1G07720	130	0.24522759346657955	0.1878647240249724	-0.05736286944160718	loss
AT5G53420	142	0.22323741225956736	0.1669136106148499	-0.05632380164471742	loss
AT2G28400	435	0.03445166043818064	-0.02157182471966529	-0.05602348515784593	loss
AT1G19180	678	-1.3167064952902168	-1.3726755347913082	-0.05596903950109144	loss
AT1G27730	576	-0.15162035665268478	-0.20657657303255192	-0.05495621637986714	loss
AT1G69010	356	0.07958155464648997	0.02487116672975181	-0.05471038791673816	loss
AT5G05730	258	0.12803109930037285	0.07399647182711591	-0.05403462747325693	loss
AT4G20860	237	0.1394966866803226	0.08745195577989448	-0.05204473090042813	loss
AT5G08130	357	0.07928541335656766	0.02775803765490085	-0.05152737570166681	loss
AT5G54960	286	0.11399374192674178	0.06264995400958674	-0.05134378791715503	loss
AT5G04340	252	0.13376687826401665	0.08270948794368672	-0.05105739032032992	loss
AT1G04780	193	0.16970363861735485	0.1188090676466579	-0.050894570970696953	loss
AT4G21930	216	0.15390342148839317	0.10327346027340084	-0.05062996121499232	loss
AT3G58790	146	0.21371982631946207	0.16339750002895492	-0.05032232629050715	loss
AT5G60680	504	-0.03118728025392452	-0.08145517789582891	-0.05026789764190439	loss
AT1G69360	204	0.16342372111758308	0.11340249950546244	-0.05002122161212062	loss
AT3G07350	483	-0.01120146331527906	-0.0611632850105149	-0.04996182169523584	loss
AT5G65140	273	0.121526369237402	0.07168617506818152	-0.04984019416922047	loss
AT2G04080	194	0.16963904740080832	0.1202250510945246	-0.04941399630628372	loss
AT4G16000	493	-0.0219088476786452	-0.07081081026555025	-0.04890196258690504	loss
AT5G01850	358	0.07796752775845421	0.02942008319213588	-0.04854744456631832	loss
AT1G48840	242	0.1374414743259989	0.08936673851251455	-0.04807473581348436	loss
AT1G54050	323	0.09751334896736484	0.04966499156701643	-0.04784835740034841	loss
AT1G72450	67	0.4288400167946532	0.3810220454069823	-0.04781797138767085	loss
AT1G52827	345	0.08494076741669261	0.037131025060707	-0.04780974235598561	loss
AT2G25620	170	0.18847370017903364	0.140901883442827	-0.04757181673620664	loss
AT4G16260	209	0.1603002523425892	0.11289953996818831	-0.04740071237440088	loss
AT1G13360	98	0.307207698738749	0.25987521698232724	-0.04733248175642174	loss
AT1G22930	538	-0.09149293207364712	-0.13823462998049665	-0.04674169790684952	loss
AT1G73750	520	-0.05714667250694937	-0.1036160105442456	-0.04646933803729621	loss
AT2G03240	174	0.186114711761128	0.14083089281879663	-0.04528381894233135	loss
AT2G38640	337	0.08995025365183172	0.04485635120451409	-0.04509390244731763	loss
AT2G29460	374	0.06712231727127119	0.02256722956837638	-0.0445550877028948	loss
AT1G09530	121	0.2623503655966023	0.21889769325065092	-0.04345267234595137	loss
AT1G14130	177	0.18217155119105857	0.13884878253743452	-0.04332276865362405	loss
AT1G20070	600	-0.2311014529734845	-0.27382074435642495	-0.04271929138294045	loss
AT2G38820	455	0.01453934261978678	-0.0275386814061561	-0.04207802402594288	loss
AT2G46510	106	0.29153621751819747	0.25018831179562023	-0.04134790572257724	loss
AT1G51950	105	0.294523764656603	0.2534819490423133	-0.04104181561428971	loss
AT1G77370	513	-0.0432981334898944	-0.08351637632512593	-0.04021824283523152	loss
AT3G10640	468	0.00511134738622795	-0.03507633511517517	-0.04018768250140312	loss
AT4G12720	644	-0.5211439836717403	-0.5610065044810738	-0.0398625208093335	loss
AT5G10650	289	0.11319497047489492	0.07475515044409375	-0.03843982003080117	loss
AT3G55290	271	0.12248120509833356	0.08417084367082381	-0.03831036142750975	loss
AT2G32190	304	0.10735678826315163	0.07033553057217302	-0.03702125769097862	loss
AT3G14280	115	0.27403177022307346	0.2387251441075171	-0.03530662611555635	loss
AT5G55860	283	0.11517460636023533	0.07998059945175139	-0.03519400690848393	loss
AT4G30660	101	0.3001612507397045	0.26523590621595977	-0.03492534452374474	loss
AT1G74100	612	-0.27100299258279253	-0.30540401731670436	-0.03440102473391182	loss
AT1G23710	226	0.1464515752346381	0.11224926621199344	-0.03420230902264465	loss
AT5G11670	154	0.20356994000780465	0.1697455432927952	-0.03382439671500945	loss
AT4G05020	285	0.114653029759355	0.08105410140653627	-0.03359892835281872	loss
AT4G18950	225	0.14727780733107662	0.11503785230806723	-0.03223995502300937	loss
AT2G17500	293	0.11182189512077235	0.08092629307167462	-0.03089560204909773	loss
AT2G46370	625	-0.31461950588046345	-0.3434220352663155	-0.02880252938585203	loss
AT4G24350	375	0.06652920716231908	0.0377309840604489	-0.02879822310187017	loss
AT1G67970	265	0.12582882932000317	0.09745873947933684	-0.02837008984066631	loss
AT4G37640	371	0.07123535443857623	0.0447888638380003	-0.02644649060057592	loss
AT4G15490	341	0.08840201751585385	0.0619632688929127	-0.02643874862294114	loss
AT3G15760	163	0.193881915329213	0.16917618784602356	-0.02470572748318944	loss
AT5G16830	344	0.08622362459950046	0.06192503129144489	-0.02429859330805556	loss
AT1G55280	219	0.15303525997738324	0.12903292011357345	-0.02400233986380978	loss
AT4G30650	159	0.19437740595834188	0.17045146662912602	-0.02392593932921585	loss
AT1G22640	261	0.12676290120732625	0.1028984278039018	-0.02386447340342445	loss
AT4G16515	470	0.0032354506253369	-0.02055504258373482	-0.02379049320907172	loss
AT5G51640	230	0.1440732275664717	0.12055267464318978	-0.02352055292328192	loss
AT5G64120	404	0.05478903553596934	0.03160340578636624	-0.02318562974960309	loss
AT4G20830	597	-0.2072806878968096	-0.23045693459762015	-0.02317624670081058	loss
AT5G66070	486	-0.01744658736818965	-0.04001834198646905	-0.0225717546182794	loss
AT1G24580	85	0.36643368385003966	0.3440898483264009	-0.02234383552363877	loss
AT2G22850	268	0.12346552808944986	0.10120474951099306	-0.02226077857845679	loss
AT3G49110	367	0.07278908252725368	0.05059554667953841	-0.02219353584771526	loss
AT1G21000	363	0.07397530015486511	0.05265867836755652	-0.02131662178730859	loss
AT5G63970	195	0.169119129129533	0.14792015237603282	-0.02119897675350018	loss
AT5G41600	608	-0.2686767113889664	-0.2898460997303999	-0.02116938834143345	loss
AT4G31750	531	-0.07241536651698707	-0.09272652266499672	-0.02031115614800964	loss
AT5G51070	590	-0.18882614289419727	-0.20893108038385563	-0.02010493748965836	loss
AT1G08230	245	0.1368785014303436	0.11694304073224478	-0.01993546069809883	loss
AT5G57060	340	0.08912811203324499	0.06920073522208374	-0.01992737681116124	loss
AT5G63790	314	0.10321800236069564	0.08347201760771933	-0.0197459847529763	loss
AT4G18530	277	0.11993451149449864	0.10024015147822052	-0.01969436001627812	loss
AT1G73500	92	0.32372527433941045	0.30450149140762783	-0.01922378293178261	loss
AT5G54080	497	-0.02391240378816095	-0.0409918036775216	-0.01707939988936065	loss
AT3G53180	512	-0.0402387027934623	-0.05713770175863661	-0.01689899896517431	loss
AT4G15765	251	0.13430122835808675	0.11801420607915689	-0.01628702227892987	loss
AT2G46520	436	0.03370901245792116	0.01779988356415087	-0.01590912889377029	loss
AT2G18170	452	0.0151858764374315	-6.799763287014408e-4	-0.01586585276613294	loss
AT3G24500	134	0.2395316561837384	0.22375214956017656	-0.01577950662356184	loss
AT2G31800	278	0.11884423516788926	0.103286028178293	-0.01555820698959627	loss
AT3G44880	533	-0.07379323606670161	-0.0892658355730183	-0.01547259950631668	loss
AT3G06500	658	-0.763845323478668	-0.7787021517867588	-0.01485682830809087	loss
AT2G27500	328	0.09352466861447847	0.07950092096690065	-0.01402374764757784	loss
AT1G76970	384	0.06277109420771076	0.04896282858670547	-0.01380826562100528	loss
AT4G11650	447	0.01958538401418759	0.00597153829114068	-0.0136138457230469	loss
AT5G44050	168	0.1902567959833358	0.17695724353550085	-0.01329955244783495	loss
AT3G60130	425	0.03812733482155794	0.02563305032870482	-0.01249428449285312	loss
AT3G55410	329	0.09219102294554028	0.07976646634131568	-0.01242455660422459	loss
AT3G53780	187	0.17491675494880143	0.16307141243592566	-0.01184534251287577	loss
AT1G48100	479	-0.00780414511637973	-0.01962859235154933	-0.0118244472351696	loss
AT5G53760	292	0.11279217521540008	0.10101067194608866	-0.01178150326931141	loss
AT4G34000	583	-0.16736205859838105	-0.17900195193844576	-0.01163989334006471	loss
AT4G35550	478	-0.00609183442392626	-0.01708738721423421	-0.01099555279030795	loss
AT4G15450	448	0.01876096723376605	0.00810629272821301	-0.01065467450555303	loss
AT1G70820	138	0.23195542520834037	0.2213404037045044	-0.01061502150383594	loss
AT1G17420	37	0.756806940230444	0.7464165426406383	-0.01039039758980575	loss
AT5G07010	574	-0.1480661577936015	-0.15719353414185494	-0.00912737634825344	loss
AT3G48350	366	0.07328482024975291	0.06427337425556345	-0.00901144599418946	loss
AT4G27070	318	0.10046909721444648	0.09265837251521458	-0.0078107246992319	loss
AT3G02875	325	0.0952693752714689	0.0875180069399609	-0.00775136833150801	loss
AT2G23150	284	0.11488442649771652	0.10726575552133776	-0.00761867097637876	loss
AT1G19970	247	0.13496835107262423	0.12919994730555168	-0.00576840376707257	loss
AT3G06780	494	-0.0219992866588863	-0.02763487315948653	-0.00563558650060023	loss
AT4G14230	157	0.19663099041702847	0.19103967542554257	-0.00559131499148593	loss
AT4G01700	432	0.03562059150712532	0.03059810266129496	-0.00502248884583035	loss
AT2G47650	224	0.14751392820044537	0.1426844651152007	-0.00482946308524467	loss
AT3G17000	223	0.14784810549129607	0.14327174287707453	-0.00457636261422153	loss
AT1G61065	191	0.1721922189410022	0.16876053711945796	-0.00343168182154424	loss
AT3G61630	264	0.12583331976936105	0.12244748083292942	-0.00338583893643162	loss
AT3G22740	80	0.3775036139602841	0.3746240950236545	-0.00287951893662957	loss
AT3G21520	206	0.16258331570206783	0.1603124622201881	-0.00227085348187972	loss
AT5G40390	243	0.13743303413449162	0.1352449251913008	-0.00218810894319082	loss
AT1G77680	535	-0.07784592906532205	-0.07951266724142364	-0.00166673817610159	loss
AT1G21680	599	-0.22951196474837424	-0.2298356320027257	-3.2366725435140076e-4	loss
AT3G56720	165	0.19348918222636471	0.19340650147289848	-8.268075346626325e-5	loss
AT1G48320	532	-0.07254659667429146	-0.07233781658193224	2.0878009235922312e-4	gain
AT4G38730	202	0.16555556926418769	0.16585172916919264	2.9615990500495015e-4	gain
AT5G65280	79	0.38387290413227926	0.3842445732809546	3.716691486753687e-4	gain
AT5G04760	498	-0.02480602610654369	-0.02321907019754349	0.0015869559090002	gain
AT5G25250	506	-0.03383485893365762	-0.03221710653950122	0.00161775239415639	gain
AT5G26030	263	0.12604977293595257	0.12833453890379204	0.00228476596783946	gain
AT5G62470	186	0.1757019876667761	0.1782856416347863	0.00258365396801019	gain
AT2G40140	361	0.07455484090531803	0.07846746101822492	0.00391262011290689	gain
AT2G02710	495	-0.02333471215101339	-0.01907842993253444	0.00425628221847895	gain
AT3G54680	385	0.06199597752024366	0.06668012302399796	0.0046841455037543	gain
AT4G27280	149	0.20859683933471124	0.2135044053903681	0.00490756605565689	gain
AT5G61810	171	0.18847005441417808	0.1938046305744574	0.00533457616027932	gain
AT3G54030	370	0.07159342125061527	0.07763395753000518	0.00604053627938991	gain
AT1G19300	405	0.05472952436778811	0.06107643451413319	0.00634691014634507	gain
AT5G64230	339	0.08926526653275187	0.0958444474071842	0.00657918087443233	gain
AT1G15430	394	0.05679816185689093	0.06433635945901066	0.00753819760211972	gain
AT1G10585	530	-0.0696980286166716	-0.06209789506708981	0.00760013354958178	gain
AT5G03190	122	0.2598125237792165	0.2674917659699734	0.00767924219075694	gain
AT5G27280	234	0.14163448020701166	0.15038728083953792	0.00875280063252625	gain
AT5G60860	481	-0.00986732411018086	-5.546024754357177e-4	0.00931272163474514	gain
AT3G45970	203	0.16550012365045538	0.17486447444481978	0.0093643507943644	gain
AT4G00440	390	0.0601227440478475	0.06986394004196017	0.00974119599411266	gain
AT2G28840	69	0.419109290768056	0.4288940997202154	0.00978480895215938	gain
AT1G21380	430	0.03597999488663291	0.045974872000392	0.00999487711375909	gain
AT4G30490	259	0.12724901280480833	0.13767873510921114	0.01042972230440281	gain
AT3G47340	501	-0.02754918373579346	-0.01701576420396415	0.01053341953182931	gain
AT4G27657	280	0.11760291677073628	0.12814019499477802	0.01053727822404175	gain
AT4G26750	427	0.0379084143562827	0.04966812327634822	0.01175970892006552	gain
AT1G67920	151	0.20713541162443244	0.21909954620639668	0.01196413458196424	gain
AT2G02990	414	0.04566569705069621	0.05828885044199672	0.01262315339130051	gain
AT4G35110	290	0.11292639588176036	0.12601107733269493	0.01308468145093455	gain
AT1G26770	628	-0.3310734994120907	-0.31794320590899894	0.01313029350309175	gain
AT3G54200	368	0.07199480839592944	0.08519410939995217	0.01319930100402273	gain
AT1G09180	460	0.01202303343351212	0.02587514475978827	0.01385211132627615	gain
AT3G17770	466	0.00752575076266652	0.022021144998597	0.01449539423593047	gain
AT5G03230	95	0.31126288179993383	0.3263366481628863	0.01507376636295249	gain
AT3G17810	519	-0.05649864035959633	-0.04139475138020521	0.01510388897939112	gain
AT3G63210	465	0.00928408341181051	0.0257352206760733	0.01645113726426279	gain
AT5G10730	257	0.1283644565478869	0.14539706759740004	0.01703261104951314	gain
AT5G26770	336	0.09025092038651428	0.10747004827597996	0.01721912788946567	gain
AT3G55970	524	-0.06244424835781508	-0.04360787344247084	0.01883637491534424	gain
AT4G11330	509	-0.03713503252725236	-0.01772370654784504	0.01941132597940732	gain
AT3G21070	411	0.04729581529357555	0.06754241492868532	0.02024659963510976	gain
AT1G25560	120	0.2640722294760828	0.28494417502805935	0.02087194555197658	gain
AT4G35790	190	0.17260273732358003	0.19352031353184537	0.02091757620826534	gain
AT5G56750	330	0.0921786625898106	0.11479565547515752	0.02261699288534693	gain
AT5G57910	505	-0.03363257479424293	-0.01086062886453528	0.02277194592970764	gain
AT5G55180	421	0.04039861459364988	0.06480261966996542	0.02440400507631553	gain
AT1G28190	300	0.10852030964221004	0.13337140210655005	0.02485109246434001	gain
AT1G67360	89	0.33958760119727804	0.36491433303899257	0.02532673184171452	gain
AT5G39050	387	0.06082089851114358	0.0868340523827612	0.02601315387161762	gain
AT2G37620	181	0.17970081864512746	0.20586214684611395	0.02616132820098649	gain
AT1G54030	401	0.05571004247574356	0.08189366031888715	0.02618361784314359	gain
AT1G80610	180	0.1803966833452509	0.2067803068906324	0.02638362354538148	gain
AT2G30140	575	-0.14926176584011472	-0.12277381519289704	0.02648795064721768	gain
AT2G20560	221	0.1522915321219235	0.17914308226564513	0.02685155014372162	gain
AT5G07920	196	0.1687726016176371	0.19616757035779425	0.02739496874015712	gain
AT4G16590	45	0.5710757164343409	0.5988331992042246	0.02775748276988376	gain
AT5G17460	611	-0.27090403418633807	-0.24244554075683752	0.02845849342950054	gain
AT5G24030	312	0.10396898431377634	0.1325021981839928	0.02853321387021647	gain
AT2G23450	423	0.03889477003748308	0.06767648542728008	0.028781715389797	gain
AT1G69270	354	0.08052747380881224	0.10971610116338322	0.02918862735457098	gain
AT5G64260	338	0.08936849261493426	0.11896905556559556	0.02960056295066129	gain
AT1G60190	362	0.07443299045678925	0.10412237629693354	0.02968938584014428	gain
AT2G43535	240	0.13837607296359652	0.16836886865520967	0.02999279569161314	gain
AT4G31550	188	0.17432031220670482	0.20516601384699373	0.03084570164028891	gain
AT2G39050	118	0.2691858465733042	0.3004808233857484	0.0312949768124442	gain
AT1G31550	117	0.27002528274159776	0.30171817045885946	0.0316928877172617	gain
AT4G27860	131	0.24463846214766852	0.27656726162121564	0.03192879947354712	gain
AT2G17450	585	-0.17633465506884732	-0.14411617872603036	0.03221847634281696	gain
AT1G47510	426	0.03812141655753779	0.071654251385943	0.03353283482840521	gain
AT1G09240	428	0.03774362005748731	0.07140735043951975	0.03366373038203243	gain
AT5G52882	239	0.13843922815914936	0.173140567766005	0.03470133960685565	gain
AT1G78210	396	0.05640702290270599	0.09112277860754836	0.03471575570484239	gain
AT1G52855	415	0.0448972081795297	0.07989826003045229	0.03500105185092259	gain
AT4G01120	301	0.10842103349926813	0.14353502141509686	0.03511398791582873	gain
AT1G69370	217	0.15379179950763472	0.1899059672568678	0.03611416774923309	gain
AT5G13550	347	0.08355199219693825	0.12021216734522357	0.0366601751482853	gain
AT5G37540	123	0.25900301515324853	0.2957898743174299	0.03678685916418139	gain
AT1G35230	451	0.01611562932066278	0.05302723394334649	0.03691160462268371	gain
AT5G25440	549	-0.11044862648551385	-0.07276641914113738	0.03768220734437647	gain
AT1G78660	315	0.10222094088174896	0.1406247176431659	0.03840377676141693	gain
AT1G24600	547	-0.10415914753964556	-0.06563673475468906	0.03852241278495651	gain
AT3G55980	231	0.14364722418340406	0.1825349816515192	0.03888775746811512	gain
AT2G22080	541	-0.09348937977977126	-0.05449695156400487	0.03899242821576638	gain
AT2G23790	307	0.10632920232264592	0.1467652928071828	0.04043609048453689	gain
AT4G16008	355	0.08005529723511187	0.1213368345434632	0.04128153730835132	gain
AT3G09350	444	0.02174714219848193	0.06354616482628159	0.04179902262779965	gain
AT5G54170	173	0.18674327146424885	0.22888962846698344	0.04214635700273461	gain
AT5G64310	554	-0.12094250444154211	-0.07795567214578036	0.04298683229576176	gain
AT4G11890	610	-0.27055315021196225	-0.2269503768833585	0.04360277332860371	gain
AT1G69610	472	-0.00174415249409604	0.04317049447803454	0.04491464697213059	gain
AT5G39610	369	0.07183061421006513	0.11704431757403078	0.04521370336396564	gain
AT5G15650	650	-0.5893539505513568	-0.5438590447498032	0.04549490580155357	gain
AT3G19580	386	0.06093232247760006	0.10644092220786806	0.045508599730268	gain
AT3G53990	189	0.17348309894465697	0.21931141262001289	0.04582831367535589	gain
AT4G29210	139	0.231936413691012	0.2779593445146179	0.04602293082360589	gain
AT5G10300	360	0.0764388838433744	0.12256488830480422	0.04612600446142982	gain
AT5G51830	246	0.13512497201452064	0.1814190539346427	0.04629408192012205	gain
AT5G44005	295	0.11149094127325256	0.15825981159593153	0.04676887032267897	gain
AT2G18690	609	-0.26916032737948126	-0.22227459743815495	0.04688572994132628	gain
AT3G22370	233	0.1420758383369635	0.18909586962306144	0.04702003128609794	gain
AT1G10140	220	0.1523623151031248	0.199722000643327	0.04735968554020217	gain
AT3G13672	53	0.4931879949535174	0.5408665722191094	0.04767857726559199	gain
AT3G45040	511	-0.04022529014746495	0.00804167578757308	0.04826696593503803	gain
AT2G36220	413	0.04671445879900896	0.0960040548123136	0.04928959601330465	gain
AT5G49450	467	0.00674009714488248	0.05607158596813899	0.04933148882325651	gain
AT1G68820	324	0.09650099469642318	0.1459079466773304	0.04940695198090722	gain
AT1G07020	462	0.01102975408591348	0.06058000638423961	0.04955025229832612	gain
AT1G78080	561	-0.1284666799557738	-0.07854483199786541	0.04992184795790838	gain
AT1G01520	297	0.1108585842517701	0.16161522126442462	0.05075663701265452	gain
AT3G55430	463	0.00975338556573435	0.06131721323586527	0.05156382767013091	gain
AT4G31800	613	-0.2727360860524239	-0.22085223371959836	0.05188385233282552	gain
AT1G73080	442	0.02391917615280796	0.0766387146421724	0.05271953848936443	gain
AT4G25690	469	0.0045670274320757	0.05860152154654882	0.05403449411447311	gain
AT1G02220	351	0.08124769910820492	0.1353184619760975	0.05407076286789258	gain
AT4G23810	377	0.06619913220819179	0.12051011955868315	0.05431098735049136	gain
AT1G13340	456	0.01403150600492698	0.06840328408987228	0.05437177808494529	gain
AT4G26090	327	0.09370691696553832	0.14910186504528575	0.05539494807974741	gain
AT4G37990	621	-0.3030095465099985	-0.24740451245243283	0.05560503405756567	gain
AT3G16990	335	0.0904308428557214	0.1460575865078007	0.05562674365207931	gain
AT3G22200	449	0.01717356330955362	0.07293982440363474	0.05576626109408111	gain
AT2G42790	496	-0.02341908226760195	0.03324151996150591	0.05666060222910786	gain
AT1G62430	248	0.13496712435246022	0.1921182240004261	0.05715109964796588	gain
AT3G62260	568	-0.14001008259945824	-0.0822413140347955	0.05776876856466274	gain
AT3G56710	256	0.13174391661213536	0.1904833718486019	0.05873945523646654	gain
AT4G01026	643	-0.5150576181210789	-0.4557187384692667	0.05933887965181217	gain
AT5G59220	34	0.8225337235165086	0.8827600806898812	0.06022635717337266	gain
AT2G22010	422	0.04011029640450631	0.10051314240779093	0.0604028460032846	gain
AT3G51130	489	-0.01974002984304558	0.04087603928491897	0.06061606912796456	gain
AT3G56170	475	-0.00412278909172527	0.05686812072682815	0.06099090981855343	gain
AT1G75230	477	-0.00548566487959604	0.05598932632753618	0.06147499120713223	gain
AT5G25770	412	0.04678242000112365	0.10936569444118392	0.06258327444006026	gain
AT5G62090	321	0.09910514869513856	0.1619507246137788	0.06284557591864025	gain
AT1G12640	298	0.10988279392811012	0.17320625076009197	0.06332345683198186	gain
AT1G17440	372	0.06960764847538131	0.1337843104153916	0.06417666194001029	gain
AT4G22920	567	-0.13592741717830345	-0.07102322440799425	0.0649041927703092	gain
AT2G22910	210	0.1600070868484998	0.2251706524945279	0.0651635656460281	gain
AT5G47730	382	0.0629544727423106	0.12830270673923613	0.06534823399692553	gain
AT1G78895	392	0.05954136156004967	0.12491818585749194	0.06537682429744227	gain
AT3G57540	124	0.25895237221709283	0.3243357857797292	0.06538341356263638	gain
AT2G38470	228	0.14632974480042704	0.21207371055405924	0.0657439657536322	gain
AT3G63010	322	0.0982441038530853	0.16477694592206402	0.06653284206897872	gain
AT1G69870	244	0.13726187892101396	0.20605674357101417	0.06879486465000018	gain
AT3G20300	272	0.12215216161994794	0.1921980577340415	0.07004589611409356	gain
AT5G43260	560	-0.12678286095931704	-0.05638737347937134	0.0703954874799457	gain
AT4G28490	403	0.05530074494200124	0.1261957866740374	0.07089504173203615	gain
AT3G25010	440	0.02638982450589654	0.09759203132359633	0.07120220681769979	gain
AT5G48570	350	0.08139463651666108	0.15293668999307414	0.07154205347641306	gain
AT4G36500	521	-0.05754206054679298	0.01415081789695471	0.07169287844374769	gain
AT3G14560	288	0.11341999314901131	0.18580250298655956	0.07238250983754825	gain
AT4G14746	450	0.01663092175206434	0.08915242591932973	0.07252150416726538	gain
AT5G48380	578	-0.1543779589552125	-0.08159003962977536	0.07278791932543714	gain
AT5G35735	571	-0.1444358265152226	-0.0714770602015113	0.0729587663137113	gain
AT2G30870	54	0.4918518986867028	0.5652090709330964	0.07335717224639354	gain
AT2G40000	458	0.0126477992945153	0.08691190604999334	0.07426410675547804	gain
AT1G58200	544	-0.09811839643226727	-0.02381998238628764	0.07429841404597964	gain
AT2G32800	546	-0.10166333911386344	-0.02689903127068633	0.0747643078431771	gain
AT2G36390	183	0.1782236674434925	0.25324544777168057	0.07502178032818807	gain
AT3G30380	294	0.11180124285277562	0.1870435042878865	0.07524226143511087	gain
AT5G55460	454	0.01488096440862814	0.0905752234603103	0.07569425905168216	gain
AT1G71080	346	0.08480059867057492	0.16183791749591508	0.07703731882534016	gain
AT3G21890	222	0.1511247537958119	0.2288153296038157	0.07769057580800381	gain
AT5G17860	439	0.02659893289708652	0.10455416207714448	0.07795522918005796	gain
AT5G60900	471	-1.5471569640641136e-4	0.07852361682454681	0.07867833252095321	gain
AT1G07040	487	-0.01850260529443103	0.06109085341931183	0.07959345871374286	gain
AT3G50500	200	0.16727877269439578	0.2477340431445043	0.08045527045010853	gain
AT2G12400	140	0.2307308473378127	0.31229246925836407	0.08156162192055136	gain
AT5G53120	502	-0.02793861513537637	0.05384837427196893	0.0817869894073453	gain
AT2G45570	302	0.10801375060427552	0.19049796133841929	0.08248421073414378	gain
AT1G56170	500	-0.02737474435814552	0.05695031921403105	0.08432506357217658	gain
AT4G27440	169	0.188679736976677	0.2730843237108945	0.08440458673421752	gain
AT4G30240	395	0.05657086736122598	0.1412208203208022	0.0846499529595762	gain
AT3G01970	416	0.0445192600763947	0.12923316146400873	0.08471390138761403	gain
AT5G50200	457	0.01274365422815349	0.09815851444915928	0.08541486022100576	gain
AT4G22590	433	0.03526465968397821	0.12106928853317128	0.08580462884919306	gain
AT5G36220	334	0.09062005099872172	0.17676316961435157	0.08614311861562984	gain
AT1G60140	491	-0.02165971978230564	0.06489467888906844	0.08655439867137409	gain
AT5G61820	653	-0.6134921578656717	-0.5255773632499987	0.08791479461567298	gain
AT3G26210	480	-0.00885238454850128	0.07989386835102698	0.08874625289952827	gain
AT2G46270	111	0.28782376370839174	0.37702395345613754	0.0892001897477458	gain
AT2G33830	274	0.12070845371895488	0.2099514753612008	0.08924302164224593	gain
AT1G67300	291	0.11291841456760406	0.20221600829984063	0.08929759373223657	gain
AT2G30550	316	0.10220133865604485	0.19213844775137337	0.08993710909532852	gain
AT3G51890	485	-0.01380130373043838	0.07722794486224986	0.09102924859268824	gain
AT1G29395	218	0.15356562083551567	0.24700383479316215	0.09343821395764652	gain
AT1G05340	320	0.09913555991450508	0.1930312918067658	0.09389573189226072	gain
AT5G20230	691	-3.5274369542956605	-3.433095281881146	0.0943416724145143	gain
AT1G18710	62	0.44883700269888016	0.5436613717900686	0.0948243690911884	gain
AT1G07870	379	0.0645866575356667	0.16160555072867697	0.09701889319301028	gain
AT1G29340	510	-0.04016028754970464	0.05686450998399585	0.0970247975337005	gain
AT1G01360	553	-0.1184832387811257	-0.02105964649473625	0.09742359228638944	gain
AT1G14370	437	0.02683919964854824	0.12438847736141125	0.097549277712863	gain
AT3G06420	490	-0.02154430555742024	0.07669064997512957	0.09823495553254982	gain
AT3G56200	308	0.1059721614196635	0.20533432019792783	0.09936215877826432	gain
AT3G43440	399	0.05618253509930515	0.15575851203800004	0.09957597693869488	gain
AT3G52400	515	-0.04877942849809198	0.05349265481962086	0.10227208331771284	gain
AT4G05150	241	0.1383028748596216	0.24080622415235753	0.10250334929273594	gain
AT5G16910	310	0.1055407096363747	0.20807034095677648	0.10252963132040178	gain
AT5G47220	484	-0.01147606856990158	0.0913799055812256	0.10285597415112718	gain
AT3G09830	459	0.01256789699120981	0.11628087931523189	0.10371298232402208	gain
AT5G03240	607	-0.265458957106936	-0.16113869592701632	0.10432026117991967	gain
AT1G75170	523	-0.06085102928988042	0.04454164398396237	0.1053926732738428	gain
AT1G53170	579	-0.1569248574748659	-0.05082624473677653	0.10609861273808936	gain
AT5G55120	410	0.04848954578337185	0.1559251876172759	0.10743564183390404	gain
AT1G03220	550	-0.1134934192010664	-0.00561758385893481	0.1078758353421316	gain
AT2G33580	476	-0.00432095317636405	0.1061507235447608	0.11047167672112486	gain
AT1G20510	516	-0.04966832186538084	0.0619319334185978	0.11160025528397864	gain
AT4G00700	431	0.0356629368845505	0.14830372190578356	0.11264078502123306	gain
AT4G23140	473	-0.00227773897568684	0.1113926750648189	0.11367041404050576	gain
AT1G23040	380	0.06391862648523097	0.1778164815396224	0.11389785505439144	gain
AT3G56880	581	-0.15859857057521412	-0.04332992939976764	0.11526864117544648	gain
AT1G63830	536	-0.0789413664873365	0.0371942341660831	0.1161356006534196	gain
AT1G45249	201	0.16698748104463024	0.28324290183342304	0.1162554207887928	gain
AT2G47770	636	-0.4059963494614334	-0.28964258103992396	0.11635376842150946	gain
AT5G02490	529	-0.06909354895876889	0.0479119538427405	0.1170055028015094	gain
AT1G33970	269	0.12330229185619576	0.2405310205390853	0.11722872868288951	gain
AT1G80920	674	-1.224387858446079	-1.1064379166845384	0.1179499417615406	gain
AT4G23680	236	0.1404477797742876	0.2608776389318732	0.1204298591575856	gain
AT1G19380	503	-0.02797665890915362	0.092910214325487	0.12088687323464062	gain
AT4G19390	125	0.2579815484374237	0.37899939582146935	0.12101784738404564	gain
AT2G04240	389	0.06039236125578043	0.1815962903220816	0.12120392906630116	gain
AT2G42530	677	-1.2697292537270946	-1.1442119793416086	0.125517274385486	gain
AT1G01650	569	-0.14167562671212033	-0.01555976268450371	0.12611586402761665	gain
AT1G64660	60	0.4632958263874888	0.5900442114995673	0.12674838511207848	gain
AT2G42540	693	-3.97253822840779	-3.8457007395920617	0.12683748881572887	gain
AT1G13990	391	0.0598609844785803	0.1870698847556392	0.1272089002770589	gain
AT1G68620	606	-0.2636146129970284	-0.1363505656735912	0.12726404732343718	gain
AT3G14060	438	0.02673335503087171	0.15490871235098014	0.12817535732010843	gain
AT3G23920	683	-1.6733264651561677	-1.544926007003544	0.12840045815262346	gain
AT3G18250	464	0.00933520248174517	0.13810422106331155	0.12876901858156636	gain
AT2G37760	348	0.08308085706940392	0.21291257093112212	0.1298317138617182	gain
AT1G69490	507	-0.03446415115156751	0.09718307444913991	0.13164722560070743	gain
AT3G02070	409	0.04936996925141362	0.1817489423695343	0.13237897311812066	gain
AT3G13950	400	0.05578554424244809	0.1884533420661437	0.1326677978236956	gain
AT2G30250	527	-0.0667100594233825	0.06733094932877774	0.13404100875216024	gain
AT1G21410	577	-0.15240203674808167	-0.01712824965127625	0.13527378709680543	gain
AT4G32250	499	-0.02560700195169962	0.11067029420534226	0.13627729615704187	gain
AT3G46970	97	0.30787834620525484	0.4444240590212246	0.13654571281596983	gain
AT1G02930	540	-0.0932624880190887	0.04639020274860521	0.1396526907676939	gain
AT1G71697	584	-0.17427006820622282	-0.03280744840598145	0.14146261980024136	gain
AT1G02920	514	-0.04630265326205473	0.0963587527808324	0.14266140604288713	gain
AT3G62550	48	0.5496184576173718	0.6925912057852676	0.14297274816789574	gain
AT1G55450	632	-0.3791501886624396	-0.235774780907171	0.1433754077552686	gain
AT2G46800	624	-0.3142796688607037	-0.17035443521752588	0.1439252336431778	gain
AT3G11410	65	0.4368564385823213	0.5821112356644328	0.14525479708211148	gain
AT2G02390	492	-0.02172179716522548	0.1259243581655128	0.1476461553307383	gain
AT5G02020	649	-0.5558247421190753	-0.4054373442942254	0.1503873978248499	gain
AT4G37430	508	-0.03630916229736979	0.11411142151775498	0.15042058381512477	gain
AT3G02570	145	0.21735166737406697	0.3698667257916004	0.15251505841753343	gain
AT5G03630	615	-0.28519578132994083	-0.12977358232633904	0.1554221990036018	gain
AT2G23810	622	-0.30963085301995646	-0.15361680501935382	0.15601404800060265	gain
AT2G24600	587	-0.1816358393046699	-0.02437090998484635	0.15726492931982353	gain
AT1G58225	559	-0.12575656443170244	0.03208571430679485	0.1578422787384973	gain
AT1G73260	562	-0.12916733028411634	0.02935026345408012	0.15851759373819646	gain
AT4G29190	133	0.24367042146530216	0.4030510705883859	0.15938064912308372	gain
AT4G29110	343	0.0869670966850053	0.2473456945777627	0.1603785978927574	gain
AT2G24850	675	-1.266482256418747	-1.1016988379393204	0.16478341847942657	gain
AT5G53050	637	-0.4181776386377829	-0.25332264021593426	0.1648549984218486	gain
AT1G21130	381	0.06307678241238904	0.22965723938326413	0.1665804569708751	gain
AT4G17230	626	-0.31594758351757435	-0.14796149985282053	0.16798608366475382	gain
AT3G51000	619	-0.2936586218427596	-0.12502857749676555	0.16863004434599402	gain
AT5G20830	594	-0.19718697844570085	-0.02772729567569473	0.16945968277000611	gain
AT1G08930	557	-0.1215373955556416	0.04889075723481884	0.17042815279046042	gain
AT5G56180	482	-0.01063316276670958	0.1653445299425007	0.17597769270921032	gain
AT1G12845	215	0.15391442319526988	0.33189802343494246	0.17798360023967258	gain
AT5G67480	545	-0.10088258694403086	0.07959179586862203	0.18047438281265288	gain
AT3G44860	663	-0.8692370159907513	-0.6865859634102573	0.18265105258049397	gain
AT2G25625	70	0.4165798373905547	0.600474063937303	0.1838942265467482	gain
AT4G23880	309	0.10574438350693188	0.29003526971457305	0.18429088620764117	gain
AT3G25780	660	-0.7859525733325975	-0.600300771550681	0.18565180178191656	gain
AT2G23320	556	-0.12153566217639454	0.06459121276880664	0.1861268749452012	gain
AT1G76180	136	0.2353566198273815	0.42150491457474504	0.1861482947473635	gain
AT1G78490	333	0.09088770939183642	0.27715391850571774	0.1862662091138813	gain
AT3G29320	270	0.12275264863560029	0.31348634812408793	0.19073369948848767	gain
AT1G14870	588	-0.18189412160887275	0.01454726885225183	0.19644139046112455	gain
AT1G22190	602	-0.23693647665177536	-0.0389836156439536	0.19795286100782175	gain
AT5G56980	595	-0.20397499875842331	-0.00424262154976183	0.1997323772086615	gain
AT5G22630	94	0.31377019846640547	0.5209848478119459	0.2072146493455404	gain
AT1G80160	572	-0.14465508309949615	0.06361065064497834	0.2082657337444745	gain
AT5G52760	552	-0.1161965569857751	0.09623727989370252	0.21243383687947764	gain
AT4G36040	673	-1.2168972579629658	-0.995421437097732	0.22147582086523376	gain
AT5G26920	443	0.02245041808104268	0.24766492540982205	0.22521450732877937	gain
AT2G06050	679	-1.3614699746096082	-1.1320173431309053	0.22945263147870287	gain
AT1G79520	592	-0.19372359576159456	0.04492753336079207	0.23865112912238665	gain
AT2G19350	474	-0.00288174298307525	0.24450049275402913	0.2473822357371044	gain
AT3G15210	526	-0.06588816423854434	0.1815817175482654	0.24746988178680973	gain
AT5G47640	648	-0.5455553923938755	-0.2952035477203396	0.25035184467353594	gain
AT2G32680	603	-0.24244541870681935	0.01054958603966286	0.25299500474648223	gain
AT3G19010	555	-0.12098667038728876	0.13863421195340278	0.2596208823406916	gain
AT4G14270	87	0.3471266561133694	0.6145540713664382	0.26742741525306885	gain
AT1G21400	128	0.24776869194329912	0.5240549463314478	0.2762862543881487	gain
AT5G52310	680	-1.3997494324864148	-1.1203655191798028	0.27938391330661205	gain
AT1G21520	565	-0.13220827828008375	0.15002998731135503	0.2822382655914388	gain
AT4G14365	655	-0.6613629777874483	-0.3789651798058722	0.28239779798157616	gain
AT2G22500	623	-0.3106059405607624	-0.02428353927260645	0.28632240128815595	gain
AT5G26340	596	-0.2062893146284951	0.09477598510830744	0.3010652997368025	gain
AT3G22600	631	-0.3649666845767548	-0.06169967736426954	0.30326700721248523	gain
AT5G39670	563	-0.12929161692552824	0.18164469809687528	0.3109363150224035	gain
AT1G42990	627	-0.3231775031783689	-0.0121469093624919	0.311030593815877	gain
AT1G09500	564	-0.13162165159950248	0.18046768068085425	0.31208933228035673	gain
AT2G43820	620	-0.2985747901526949	0.01615811351402356	0.31473290366671847	gain
AT1G59870	646	-0.5293944872415212	-0.19302574930059488	0.33636873794092625	gain
AT5G42050	42	0.6008833548219061	0.9548423683044432	0.3539590134825371	gain
AT1G01720	671	-1.173262059682863	-0.8077747894190727	0.36548727026379024	gain
AT4G25670	666	-1.0136995260171409	-0.6401644239300032	0.3735351020871377	gain
AT5G19875	434	0.03518887014865619	0.41907293973813137	0.3838840695894752	gain
AT3G55880	86	0.36206512599626234	0.7761342180507125	0.41406909205445014	gain
AT4G02380	645	-0.5272476527780807	-0.09114767188410657	0.43609998089397417	gain
AT2G46680	28	0.939714584960092	1.3795470188936978	0.4398324339336057	gain
AT1G78070	669	-1.1186334063493455	-0.640463473292021	0.4781699330573247	gain
AT4G24960	681	-1.4491100869645916	-0.9588989735295572	0.4902111134350343	gain
AT5G47120	630	-0.3638405409064434	0.16359743465429671	0.5274379755607401	gain
AT2G41100	667	-1.0622987428396495	-0.4767504033327742	0.5855483395068753	gain
AT5G39520	488	-0.01928639532336767	0.5678803096418856	0.5871667049652534	gain
AT3G61890	408	0.05072744955232297	0.6682813576849443	0.6175539081326213	gain
AT3G26740	664	-0.8820846074521872	-0.2415077939918788	0.6405768134603084	gain
AT2G17040	652	-0.5996774049576595	0.09121683865315866	0.6908942436108182	gain
AT1G01470	698	-6.683297351942237	-5.972566768803535	0.7107305831387016	gain
AT1G45145	687	-2.855029819199247	-2.090059605557156	0.7649702136420911	gain
AT2G43570	668	-1.0627770916791472	-0.2299810091419088	0.8327960825372385	gain
AT5G59310	10	2.625043252038026	3.589295967596118	0.9642527155580924	gain
AT3G49120	665	-0.9391779065250347	0.1186589624858923	1.057836869010927	gain
AT5G48180	672	-1.1839909557556605	-0.1107342243619956	1.0732567313936647	gain
AT4G39090	694	-4.312290660169933	-2.959677033300299	1.3526136268696338	gain
AT5G59320	2	5.545314794366964	7.2255094052749325	1.6801946109079688	gain
AT4G05050	695	-5.494369305704663	-3.7097029187783934	1.7846663869262698	gain
AT3G57260	686	-1.9903681223464291	-0.0564615622308104	1.933906560115619	gain
AT2G14610	676	-1.2688014945365067	0.6732590495216617	1.9420605440581684	gain
